﻿CREATE DATABASE PRACTICE_2024061201
GO

USE PRACTICE_2024061201
GO

/**
1. Cho biết MaLop, TenLop, tổng số sinh viên của mỗi lớp.
2. Cho biết điểm trung bình chung của mỗi sinh viên, xuất ra bảng mới có 
tên DIEMTBC, biết rằng công thức tính DiemTBC như sau:
DiemTBC = (TOAN + ANH + VAN) / 3
3. Cho biết điểm trung bình chung của mỗi sinh viên 
4. Cho biết MaLop, TenLop, số lượng nam nữ theo từng lớp.
**/

CREATE TABLE tbl_STUDENT (
	studentID NVARCHAR(10) NOT NULL,
	PRIMARY KEY (studentID),
	classID NVARCHAR(10) NOT NULL,
	FOREIGN KEY (classID) REFERENCES tbl_CLASS(classID),
	Gender NVARCHAR(10) NOT NULL,
)

CREATE TABLE tbl_CLASS (
	classID NVARCHAR(10) NOT NULL,
	PRIMARY KEY (classID),
)

CREATE TABLE tbl_SUBJECT (
	subjectName NVARCHAR(10) NOT NULL,
	PRIMARY KEY (subjectName)
)

CREATE TABLE tbl_SCORE (
	subjectName NVARCHAR(10) NOT NULL,
	FOREIGN KEY (subjectName) REFERENCES tbl_SUBJECT(subjectName),
	studentID NVARCHAR(10) NOT NULL,
	FOREIGN KEY (studentID) REFERENCES tbl_STUDENT(studentID),
	PRIMARY KEY (subjectName, studentID),
	subjectScore int NOT NULL,
)

--INSERT CLASS
INSERT  tbl_CLASS VALUES ('24HCM1201')
GO

--INSERT STUDENT
INSERT tbl_STUDENT VALUES ('S2408HCM01', '24HCM1201', 'MALE')
INSERT tbl_STUDENT VALUES ('S2408HCM02', '24HCM1201', 'FEMALE')
INSERT tbl_STUDENT VALUES ('S2408HCM03', '24HCM1201', 'FEMALE')
INSERT tbl_STUDENT VALUES ('S2408HCM04', '24HCM1201', 'FEMALE')
INSERT tbl_STUDENT VALUES ('S2408HCM05', '24HCM1201', 'MALE')
GO

--INSERT SUBJECT
INSERT tbl_SUBJECT VALUES ('ENGLISH')
INSERT tbl_SUBJECT VALUES ('MATH')
INSERT tbl_SUBJECT VALUES ('LITERATURE')
GO

--INSERT SCORE
INSERT tbl_SCORE VALUES ('ENGLISH', 'S2408HCM01', 8)
INSERT tbl_SCORE VALUES ('MATH', 'S2408HCM01', 9)
INSERT tbl_SCORE VALUES ('LITERATURE', 'S2408HCM01', 5)

INSERT tbl_SCORE VALUES ('ENGLISH', 'S2408HCM02', 7)
INSERT tbl_SCORE VALUES ('MATH', 'S2408HCM02', 8)
INSERT tbl_SCORE VALUES ('LITERATURE', 'S2408HCM02', 10)

INSERT tbl_SCORE VALUES ('ENGLISH', 'S2408HCM03', 5)
INSERT tbl_SCORE VALUES ('MATH', 'S2408HCM03', 6)
INSERT tbl_SCORE VALUES ('LITERATURE', 'S2408HCM03', 4)

INSERT tbl_SCORE VALUES ('ENGLISH', 'S2408HCM04', 9)
INSERT tbl_SCORE VALUES ('MATH', 'S2408HCM04', 10)
INSERT tbl_SCORE VALUES ('LITERATURE', 'S2408HCM04', 10)

INSERT tbl_SCORE VALUES ('ENGLISH', 'S2408HCM05', 7)
INSERT tbl_SCORE VALUES ('MATH', 'S2408HCM05', 8)
INSERT tbl_SCORE VALUES ('LITERATURE', 'S2408HCM05', 9)
GO

/** 
1. Cho biết TenLop, tổng số sinh viên của mỗi lớp.
**/
SELECT tbl_STUDENT.classID, COUNT(tbl_STUDENT.classID) AS 'SUM'
FROM tbl_STUDENT
GROUP BY tbl_STUDENT.classID

/** 
2. Cho biết điểm trung bình chung của mỗi sinh viên, xuất ra bảng mới có 
tên DIEMTBC, biết rằng công thức tính DiemTBC như sau:
DiemTBC = (TOAN + ANH + VAN) / 3
**/
SELECT tbl_SCORE.studentID, AVG(tbl_SCORE.subjectScore) AS 'AVG.Score'
FROM tbl_SCORE
GROUP BY tbl_SCORE.studentID

SELECT tbl_SCORE.studentID, MIN(tbl_SCORE.subjectScore) AS 'MIN.Score'
FROM tbl_SCORE
GROUP BY tbl_SCORE.studentID

SELECT tbl_SCORE.studentID, MAX(tbl_SCORE.subjectScore) AS 'MAX.Score'
FROM tbl_SCORE
GROUP BY tbl_SCORE.studentID

/** 
4. Cho biết MaLop, TenLop, số lượng nam nữ theo từng lớp.
**/
SELECT tbl_STUDENT.classID, COUNT(tbl_STUDENT.Gender) AS 'FEMALE'
FROM tbl_STUDENT
WHERE tbl_STUDENT.Gender = 'FEMALE'
GROUP BY tbl_STUDENT.classID

SELECT tbl_STUDENT.classID, COUNT(tbl_STUDENT.Gender) AS 'MALE'
FROM tbl_STUDENT
WHERE tbl_STUDENT.Gender = 'MALE'
GROUP BY tbl_STUDENT.classID

