﻿CREATE DATABASE PRACTICE_2024061701
GO

USE PRACTICE_2024061701
GO

/**
1. Cho biết Họ tên sinh viên KHÔNG học học phần nào.
2. Cho biết Họ tên sinh viên CHƯA học học phần có mã ‘001’.
3. Cho biết Tên học phần KHÔNG có sinh viên điểm HP <5.
4. Cho biết Họ tên sinh viên KHÔNG có học phần điểm HP<5
**/

CREATE TABLE tbl_STUDENT (
	studentID NVARCHAR(10) NOT NULL,
	PRIMARY KEY(studentID),
	studentName NVARCHAR(100) NOT NULL,
)
GO

CREATE TABLE tbl_SUBJECT ( 
	subjectName NVARCHAR(10) NOT NULL,
	PRIMARY KEY(subjectName),
)
GO

CREATE TABLE tbl_SCORE (
	studentID NVARCHAR(10) NOT NULL,
	FOREIGN KEY(studentID) REFERENCES tbl_STUDENT(studentID),
	subjectName NVARCHAR(10) NOT NULL,
	FOREIGN KEY (subjectName) REFERENCES tbl_SUBJECT(subjectName),
	score INT NOT NULL,
)
GO

--INSERT STUDENT
INSERT tbl_STUDENT VALUES ('2410A01', 'A')
INSERT tbl_STUDENT VALUES ('2410A02', 'B')
INSERT tbl_STUDENT VALUES ('2410A03', 'C')
INSERT tbl_STUDENT VALUES ('2410A04', 'D')
INSERT tbl_STUDENT VALUES ('2410A05', 'E')
INSERT tbl_STUDENT VALUES ('2410A06', 'F')

--INSERT SUBJECT
INSERT tbl_SUBJECT VALUES ('24MAT10A')
INSERT tbl_SUBJECT VALUES ('24LIT10A')
INSERT tbl_SUBJECT VALUES ('24ENG10A')

--INSERT SCORE
INSERT tbl_SCORE VALUES ('2410A01', '24MAT10A', 10)
INSERT tbl_SCORE VALUES ('2410A01', '24LIT10A', 8)
INSERT tbl_SCORE VALUES ('2410A01', '24ENG10A', 8)

INSERT tbl_SCORE VALUES ('2410A02', '24MAT10A', 7)
INSERT tbl_SCORE VALUES ('2410A02', '24LIT10A', 8)
INSERT tbl_SCORE VALUES ('2410A02', '24ENG10A', 6)

INSERT tbl_SCORE VALUES ('2410A03', '24MAT10A', 4)
INSERT tbl_SCORE VALUES ('2410A03', '24LIT10A', 6)
INSERT tbl_SCORE VALUES ('2410A03', '24ENG10A', 6)

INSERT tbl_SCORE VALUES ('2410A04', '24MAT10A', 5)
INSERT tbl_SCORE VALUES ('2410A04', '24LIT10A', 4)
INSERT tbl_SCORE VALUES ('2410A04', '24ENG10A', 4)

INSERT tbl_SCORE VALUES ('2410A05', '24MAT10A', 7)
INSERT tbl_SCORE VALUES ('2410A05', '24LIT10A', 10)
INSERT tbl_SCORE VALUES ('2410A05', '24ENG10A', 9)

/**
1. Cho biết Họ tên sinh viên KHÔNG học học phần nào.
**/

SELECT studentID, studentName
FROM tbl_STUDENT
WHERE studentID NOT IN (SELECT studentID FROM tbl_SCORE) 

/**
2. Cho biết Họ tên sinh viên CHƯA học học phần có mã ‘001’.
**/
SELECT *
FROM tbl_SCORE
WHERE tbl_SCORE.subjectName = '24MAT10A'

SELECT TEMP.studentID, studentName	
FROM tbl_STUDENT INNER JOIN ( SELECT * 
							  FROM tbl_SCORE
							  WHERE tbl_SCORE.subjectName != '24MAT10A'
							) AS TEMP ON tbl_STUDENT.studentID = TEMP.studentID